Feature set,Features,MAE (s),Seed spread (s)
schedule,9,376.12986887939525,0.25903500362829845
+ route/station,13,376.53991935376706,0.5988258005312446
+ calendar,16,371.7399203196726,0.26264766546336205
+ delay propagation,23,53.27812207623253,2.3960128883971166
+ demand,26,53.45155940758273,4.818042564632698
+ weather,34,59.17046618912118,1.1080972752662532
+ alerts,36,59.18442383026778,1.257956082938513
+ other trains,40,59.07629788164297,1.5945910761035051
+ same train's last trip,42,53.561956399287396,1.8279178299749717
