Station,Reliability cluster,Mean delay (s),Median delay (s),Share not >5 min late,Demand cluster,Mean daily entries
Airport,most reliable,661.067846275217,145.0,0.6176039670911755,afternoon-peaked,5066.79775280899
Alewife,most delay-prone,542.1050799623706,395.0,0.39774223894637817,midday-heavy,4973.055555555556
Allston Street,most reliable,78.53345128104318,41.0,0.7930017692156477,,
Amory Street,most reliable,100.34908339788278,53.0,0.771430415698425,,
Andrew,most delay-prone,486.44916714531877,328.0,0.4749733322392714,midday-heavy,2924.2222222222217
Aquarium,most reliable,681.5381870092791,168.0,0.6013749577369548,afternoon-peaked,2452.866666666667
Arlington,most reliable,87.562050317423,41.0,0.7823183635081119,afternoon-peaked,3178.179487179486
Ashmont,most reliable,265.42022137355167,-3.0,0.6767428312512136,midday-heavy,3283.755555555555
Assembly,most reliable,140.8496705606532,35.0,0.8214560006467521,afternoon-peaked,2531.1444444444446
Babcock Street,most reliable,94.75011314411327,59.0,0.7750695028124394,,
Back Bay,most reliable,111.1567405632115,12.0,0.83147593369283,afternoon-peaked,10563.000000000002
Back of the Hill,most reliable,37.74496559560634,-1.0,0.7886497064579256,,
Ball Square,most reliable,-43.36940706882122,5.0,0.8619069078735595,midday-heavy,83.69066666666664
Beachmont,most reliable,669.0315070560713,138.5,0.6213870651271602,midday-heavy,2049.244444444445
Beaconsfield,most reliable,156.72418595397573,118.0,0.7223953843093043,,
Blandford Street,most reliable,96.64685809940768,36.5,0.7750450682462013,,
Boston College,most reliable,64.26324007807418,-12.0,0.7160702667534158,,
Boston University Central,most reliable,94.59457369336856,26.0,0.7803054714184443,,
Boston University East,most reliable,95.42278937870586,31.5,0.7791312193864398,,
Bowdoin,most delay-prone,685.1896883416699,193.0,0.584609465178915,afternoon-peaked,1254.5777777777776
Boylston,most reliable,101.96786440037177,54.0,0.7691120177690962,afternoon-peaked,3197.3289473684213
Braintree,most delay-prone,772.3011521073356,611.0,0.2692139419571241,midday-heavy,1991.166666666667
Brandon Hall,most reliable,54.57725160155759,33.0,0.842230875518151,,
Brigham Circle,most reliable,53.28909634510953,2.0,0.7929708951125756,,
Broadway,most delay-prone,481.8927383933336,325.0,0.47732030704815076,afternoon-peaked,3196.4382022471914
Brookline Hills,most reliable,157.6527244273723,105.0,0.7269170579029733,,
Brookline Village,most reliable,143.6351698544105,96.0,0.7385098487011134,,
Butler,most reliable,-57.52708955660985,-74.0,0.9665553798395127,,
Capen Street,most reliable,-48.57624855877177,-38.0,0.967170338005947,,
Cedar Grove,most reliable,-57.46914305865758,-84.0,0.9664394028447161,,
Central,most delay-prone,498.46011841131485,352.0,0.4496751911849355,afternoon-peaked,7570.87777777778
Central Avenue,most reliable,-53.10996340455672,-59.0,0.9664738519655295,,
Charles/MGH,most delay-prone,501.4138427372923,355.0,0.4496627734824806,afternoon-peaked,4863.444444444443
Chestnut Hill,most reliable,135.64234755687173,102.0,0.7440436128684884,,
Chestnut Hill Avenue,most reliable,132.93177826178598,49.0,0.7743272676175086,,
Chinatown,most reliable,131.6239143607352,23.0,0.8236719854574833,afternoon-peaked,3938.722222222222
Chiswick Road,most reliable,107.9104885548343,35.0,0.7832593098735907,,
Cleveland Circle,most reliable,-103.964441128932,-139.0,0.8315305234365287,,
Community College,most reliable,132.92226890756302,23.0,0.8251454427925016,afternoon-peaked,2166.311111111111
Coolidge Corner,most reliable,21.70278503046127,2.0,0.8598159890588088,,
Copley,most reliable,78.63213199084095,32.0,0.7893416141275368,afternoon-peaked,6453.283950617284
Davis,most delay-prone,510.31271989734677,373.0,0.42601101038950284,midday-heavy,4418.522222222221
Dean Road,most reliable,56.24973773931288,-23.0,0.8661814843954891,,
Downtown Crossing,most reliable,313.3335845827901,145.0,0.643130704041721,afternoon-peaked,10104.111111111111
East Somerville,most reliable,-1.4538310412573674,33.0,0.8460830058939096,midday-heavy,40.06566666666667
Eliot,most reliable,140.69473176113638,113.0,0.7407254171838367,,
Englewood Avenue,most reliable,-38.45511536787114,-22.0,0.8545058772311711,,
Fairbanks Street,most reliable,35.919336528758826,9.0,0.8557013118062563,,
Fenway,most reliable,143.68987801336044,97.0,0.736276503049666,,
Fenwood Road,most reliable,65.85556520660131,28.0,0.7754684203995533,,
Fields Corner,most delay-prone,483.5011762797112,303.0,0.49720126551472377,midday-heavy,2098.6777777777775
Forest Hills,most reliable,189.13221153846155,65.0,0.7683722527472527,midday-heavy,5699.633333333333
Gilman Square,most reliable,-5.69894574745321,29.0,0.8515162283819,midday-heavy,153.5941111111111
Government Center,most reliable,291.7370963745974,77.0,0.7209651223607785,afternoon-peaked,3512.033333333333
Green Street,most reliable,126.22271140726639,37.0,0.8227431381881644,midday-heavy,1614.8863636363633
Griggs Street,most reliable,85.86177162268095,44.0,0.7863208779723021,,
Harvard,most delay-prone,504.862658826432,360.0,0.44158888112175665,afternoon-peaked,9360.9
Harvard Avenue,most reliable,43.39373208235601,8.0,0.8138519676830858,,
Hawes Street,most reliable,40.51170363089021,15.0,0.8457946796092646,,
Haymarket,most reliable,118.05407608214178,50.0,0.7916865996917025,afternoon-peaked,5476.533333333334
Heath Street,most reliable,161.54870848708487,99.0,0.7227552275522755,,
Hynes Convention Center,most reliable,101.11280539531727,47.0,0.7802214116050221,afternoon-peaked,4148.3647058823535
JFK/UMass,most delay-prone,483.3559951060359,319.0,0.4827487765089723,midday-heavy,3619.045454545456
Jackson Square,most reliable,99.97722419928826,-1.0,0.8386318703044682,midday-heavy,2636.4666666666676
Kendall/MIT,most delay-prone,498.27332538344507,354.0,0.4500596241621777,afternoon-peaked,7195.788888888887
Kenmore,most reliable,90.80160214185543,36.0,0.7873868513875313,afternoon-peaked,2672.8500000000004
Kent Street,most reliable,46.13246417809483,27.0,0.8401082344259271,,
Lechmere,most reliable,54.69533193988255,31.0,0.8057131482034439,midday-heavy,147.8878888888889
Longwood,most reliable,153.93276949541286,107.0,0.728927752293578,,
Longwood Medical Area,most reliable,70.40982507466326,17.0,0.7927104284756507,,
Magoun Square,most reliable,-7.745717891700222,36.0,0.8497505859727147,midday-heavy,86.50066666666663
Malden Center,most reliable,170.88547386718287,61.0,0.8034606723817801,midday-heavy,5044.144444444444
Massachusetts Avenue,most reliable,115.95512871602773,18.0,0.8257352355144656,afternoon-peaked,2997.944444444445
Mattapan,most reliable,-126.26066243194192,-151.0,0.9711887477313974,midday-heavy,2151.7645555555555
Maverick,most reliable,665.6105393629807,152.0,0.6122295673076923,midday-heavy,6434.833333333333
Medford/Tufts,most reliable,-97.9265368965138,-170.0,0.8196414824590345,midday-heavy,85.39566666666668
Milton,most reliable,-67.06376351669017,-82.0,0.9682063939821345,,
Mission Park,most reliable,20.1477434974238,-22.0,0.8084921472468807,,
Museum of Fine Arts,most reliable,67.31227986388872,24.0,0.7914154378843055,,
Newton Centre,most reliable,137.56627238932072,115.0,0.7357891179452518,,
Newton Highlands,most reliable,143.29503063308374,123.0,0.7327433628318585,,
North Quincy,most delay-prone,487.12319483662765,314.0,0.48511496571198065,midday-heavy,2476.333333333333
North Station,most reliable,105.9732964028266,38.0,0.8005042434572636,afternoon-peaked,10717.258426966293
Northeastern University,most reliable,46.10032188841202,11.0,0.8012637100619933,,
Oak Grove,most reliable,185.44391901876756,29.0,0.7566129747303089,midday-heavy,3034.733333333333
Orient Heights,most reliable,682.2209713855422,155.0,0.6109563253012048,midday-heavy,2668.067415730336
Packard's Corner,most reliable,91.94102763721293,44.0,0.783184118333982,,
Park Street,most reliable,209.26519111876956,122.0,0.6837778993817603,afternoon-peaked,6906.555555555555
Porter,most delay-prone,513.7398682042833,374.0,0.42611202635914336,midday-heavy,3820.9555555555557
Prudential,most reliable,44.77830694130254,16.5,0.7977140135730444,afternoon-peaked,1992.082352941177
Quincy Adams,most delay-prone,502.4873191351,312.0,0.4878881482685742,midday-heavy,1326.0111111111107
Quincy Center,most delay-prone,494.1720896601591,311.0,0.49007793042500203,midday-heavy,2969.177777777779
Reservoir,most reliable,139.4816568836713,102.0,0.7423959445037354,,
Revere Beach,most reliable,675.6552778616732,143.5,0.6182422228933857,midday-heavy,1938.8764044943825
Riverside,most reliable,57.211665989985114,-24.0,0.7406956286371633,midday-heavy,513.2888888888889
Riverway,most reliable,39.731395204373214,-6.0,0.7893527146229345,,
Roxbury Crossing,most reliable,124.04705789307181,22.0,0.8231176842771275,afternoon-peaked,2805.3444444444435
Ruggles,most reliable,125.83685251087387,23.0,0.8209568999604586,afternoon-peaked,5497.233333333333
Saint Mary's Street,most reliable,27.302780511811022,-6.0,0.8546998031496063,,
Saint Paul Street,most reliable,32.40921994569242,18.0,0.8504073068378178,,
Savin Hill,most delay-prone,460.0515463917526,285.0,0.5132721811835377,midday-heavy,1092.4999999999995
Science Park/West End,most reliable,78.0105857445307,51.0,0.7893436838390967,afternoon-peaked,611.4666666666666
Shawmut,most delay-prone,496.56024291497977,312.0,0.4905263157894737,midday-heavy,942.2000000000003
South Station,most delay-prone,498.77723931167606,343.0,0.4606349336728408,afternoon-peaked,10201.211111111112
South Street,most reliable,71.46983955569269,6.0,0.7854057389694539,,
State,most reliable,419.5044001401815,84.0,0.7056968186597095,afternoon-peaked,6728.11111111111
Stony Brook,most reliable,108.26153298810135,13.0,0.8336956951417164,midday-heavy,1736.267441860465
Suffolk Downs,most reliable,694.9785892304207,165.0,0.6028245600785439,midday-heavy,437.2840909090908
Sullivan Square,most reliable,134.34308338720103,22.0,0.8241354234001292,midday-heavy,3554.9222222222234
Summit Avenue,most reliable,41.320720495340545,11.0,0.8495215460629182,,
Sutherland Road,most reliable,80.85164427037613,8.0,0.795124586400162,,
Symphony,most reliable,49.974392567889474,18.0,0.7948427822772749,afternoon-peaked,798.2823529411764
Tappan Street,most reliable,47.04100742654182,1.0,0.859024862770423,,
Tufts Medical Center,most reliable,123.36032470417189,19.0,0.8267840555712612,afternoon-peaked,3720.4444444444443
Union Square,most reliable,168.11962761830875,103.0,0.6968192397207138,midday-heavy,79.33455555555557
Valley Road,most reliable,-44.6021658931334,-38.0,0.964833987861478,,
Waban,most reliable,113.77101715253758,99.0,0.7561939719065434,,
Warren Street,most reliable,60.37914629311484,3.0,0.8081141799920708,,
Washington Square,most reliable,37.30172303765156,22.0,0.8587109125717932,,
Washington Street,most reliable,73.03915138535672,20.0,0.8018337571944854,,
Wellington,most reliable,152.20665869218502,43.0,0.8140749601275917,midday-heavy,3421.4943820224735
Wollaston,most delay-prone,489.65513078470826,314.0,0.48756539235412477,morning-peaked,1556.788888888889
Wonderland,most delay-prone,780.268895133856,229.0,0.5505842331016122,midday-heavy,3273.6741573033705
Wood Island,most reliable,671.1850945243655,152.0,0.612374783460119,midday-heavy,1156.5280898876406
Woodland,most reliable,92.87040038904199,87.0,0.7607391797698169,,
