Stops ahead,Method,Trains,Arrivals,10+ min late,PR-AUC,Recall
1,model,all arrivals,871779,77332,0.990651655989648,0.9959913101950033
1,model,onsets,683815,1180,0.31582914072676516,0.3152542372881356
1,"model, single seed 506",all arrivals,871779,77332,0.9886292129271778,0.995952516422697
1,"model, single seed 506",onsets,683815,1180,0.2374074180012769,0.188135593220339
1,"model, single seed 1",all arrivals,871779,77332,0.9900474425467362,0.9958749288780842
1,"model, single seed 1",onsets,683815,1180,0.1930135482182605,0.0
1,"model, single seed 2",all arrivals,871779,77332,0.9876082787616889,0.9959654476801324
1,"model, single seed 2",onsets,683815,1180,0.19085837793517108,0.0
1,model trained on on-time trains only,all arrivals,871779,77332,0.18880378211036555,0.05954844049035328
1,model trained on on-time trains only,onsets,683815,1180,0.12970373509932798,0.08220338983050847
1,model targeting a 5+ minute loss,all arrivals,871779,77332,0.1225959965697024,0.0
1,model targeting a 5+ minute loss,onsets,683815,1180,0.019009537789522135,0.0
1,baseline: how late the train is now,all arrivals,871779,77332,0.9738368649902824,0.980590182589355
1,baseline: how late the train is now,onsets,683815,1180,0.0036219280366006816,0.0
1,baseline: how late the line is now,all arrivals,871779,77332,0.5866197753260012,0.589859307919102
1,baseline: how late the line is now,onsets,683815,1180,0.07381712440588549,0.044915254237288135
5,model,all arrivals,665098,62429,0.927100413996485,0.948549552291403
5,model,onsets,530391,4033,0.14548166504299292,0.09447061740639723
5,"model, single seed 506",all arrivals,665098,62429,0.9261997840869224,0.9478287334411892
5,"model, single seed 506",onsets,530391,4033,0.13501518796302725,0.07066699727250186
5,"model, single seed 1",all arrivals,665098,62429,0.9262560718588672,0.9480209518012462
5,"model, single seed 1",onsets,530391,4033,0.1339120819535722,0.06595586412100174
5,"model, single seed 2",all arrivals,665098,62429,0.9264648882923692,0.947860769834532
5,"model, single seed 2",onsets,530391,4033,0.13799577793645829,0.07240267790726507
5,model trained on on-time trains only,all arrivals,665098,62429,0.3955394124488141,0.19519774463790868
5,model trained on on-time trains only,onsets,530391,4033,0.09231707440624919,0.06025291346392264
5,model targeting a 5+ minute loss,all arrivals,665098,62429,0.20089007239282178,0.0
5,model targeting a 5+ minute loss,onsets,530391,4033,0.027659974866833307,0.0
5,baseline: how late the train is now,all arrivals,665098,62429,0.9015710021633337,0.9249867849877461
5,baseline: how late the train is now,onsets,530391,4033,0.016652459275067723,0.0
5,baseline: how late the line is now,all arrivals,665098,62429,0.5624196914190605,0.5416553204440244
5,baseline: how late the line is now,onsets,530391,4033,0.04230837469860399,0.010662038184973965
