From,To,Line,Direction,Trains,Good run (s),Typical train loses (s),1 in 10 loses (s),Train-minutes lost a day
Arlington,Boylston,Green,1,35081,81.0,25.0,102.0,280.0
Davis,Alewife,Red,1,11656,91.0,76.0,235.0,225.5
Park Street,Government Center,Green,1,33828,50.0,13.0,85.0,207.1
Arlington,Copley,Green,0,35277,49.0,15.0,54.0,171.3
Park Street,Boylston,Green,0,35596,41.0,12.0,66.0,168.6
North Station,Science Park/West End,Green,1,18023,115.0,27.0,116.0,160.6
Boylston,Arlington,Green,0,35703,90.0,16.0,40.0,142.7
Hynes Convention Center,Copley,Green,1,25288,88.0,16.0,73.0,138.4
Kenmore,Hynes Convention Center,Green,1,25726,96.0,16.0,58.0,122.7
Government Center,Park Street,Green,0,33097,87.0,11.0,35.0,120.8
Boylston,Park Street,Green,1,35487,54.0,11.0,33.0,112.5
Haymarket,Government Center,Green,0,18305,65.0,15.0,80.0,111.9
Copley,Arlington,Green,1,35020,53.0,10.0,39.0,110.3
Park Street,Downtown Crossing,Red,0,14490,22.0,40.0,65.0,109.7
Ball Square,Medford/Tufts,Green,1,10929,99.0,17.0,164.0,107.8
Science Park/West End,North Station,Green,0,18776,127.0,20.0,48.0,97.7
Lechmere,Union Square,Green,1,7253,281.0,38.0,165.0,94.2
Malden Center,Oak Grove,Orange,1,16705,85.0,22.0,66.0,94.0
Alewife,Davis,Red,0,14544,75.0,32.0,62.0,90.8
Hynes Convention Center,Kenmore,Green,0,25500,98.0,12.0,33.0,89.3
Longwood Medical Area,Museum of Fine Arts,Green,1,9977,50.0,49.0,84.0,88.2
Revere Beach,Wonderland,Blue,1,11891,62.0,10.0,96.0,86.1
Quincy Adams,Braintree,Red,0,7643,244.0,16.0,169.0,80.0
East Somerville,Lechmere,Green,0,9844,141.0,22.0,95.0,79.9
Lechmere,Science Park/West End,Green,0,18913,71.0,7.0,25.0,79.6
South Street,Boston College,Green,0,8173,106.0,46.0,100.0,78.5
North Quincy,JFK/UMass,Red,1,6263,293.0,31.0,157.8,77.2
Babcock Street,Packard's Corner,Green,0,8235,74.0,49.0,95.0,76.9
South Street,Chestnut Hill Avenue,Green,1,7967,53.0,43.0,95.0,76.9
Government Center,Haymarket,Green,1,18420,82.0,16.0,39.0,76.8
Porter,Davis,Red,1,11668,78.0,26.0,49.0,75.3
Green Street,Forest Hills,Orange,0,14675,90.0,14.0,63.0,74.5
Mission Park,Riverway,Green,0,9720,64.0,23.0,87.0,74.5
Copley,Hynes Convention Center,Green,0,25237,86.0,12.0,29.0,71.6
North Station,Haymarket,Orange,0,14756,31.0,25.0,38.0,70.4
Boston University Central,Amory Street,Green,0,8246,69.0,44.0,88.0,69.9
Union Square,Lechmere,Green,0,8643,184.0,29.0,76.0,69.4
Museum of Fine Arts,Northeastern University,Green,1,9979,65.0,36.0,69.0,69.0
Amory Street,Boston University Central,Green,1,8415,67.0,39.0,88.0,68.0
Broadway,Andrew,Red,0,14550,102.0,9.0,41.0,66.8
Northeastern University,Museum of Fine Arts,Green,0,10067,63.0,34.0,57.0,65.8
Haymarket,North Station,Green,1,18105,52.0,13.0,36.0,64.3
Ashmont,Shawmut,Red,1,6227,52.0,3.0,204.0,63.6
Mission Park,Fenwood Road,Green,1,9619,71.0,29.0,74.0,63.4
Woodland,Riverside,Green,0,8915,74.0,12.0,101.0,63.1
Central,Harvard,Red,1,11692,130.0,13.0,62.0,59.0
Babcock Street,Amory Street,Green,1,8411,60.0,34.0,75.0,58.9
Wood Island,Orient Heights,Blue,1,14624,102.0,4.0,41.0,57.1
Museum of Fine Arts,Longwood Medical Area,Green,0,10061,44.0,20.0,59.0,53.8
Lechmere,East Somerville,Green,1,9941,152.0,19.0,53.0,52.2
Beaconsfield,Reservoir,Green,0,8976,109.0,18.0,70.0,52.0
Packard's Corner,Babcock Street,Green,1,8399,63.0,27.0,71.0,51.0
Andrew,JFK/UMass,Red,0,14533,85.0,13.0,21.0,51.0
Medford/Tufts,Ball Square,Green,0,9138,83.0,11.0,28.0,50.5
Amory Street,Babcock Street,Green,0,8244,49.0,27.0,67.0,48.3
Fenway,Kenmore,Green,1,9005,136.0,17.0,61.0,48.1
Sutherland Road,Washington Street,Green,1,8233,55.0,23.0,68.0,47.9
Shawmut,Ashmont,Red,0,7567,67.0,28.0,40.0,47.5
Porter,Harvard,Red,0,14567,100.0,5.0,43.0,47.4
North Station,Haymarket,Green,0,18993,46.0,5.0,22.0,46.2
Wollaston,Quincy Center,Red,0,7664,114.0,26.0,50.0,45.9
Copley,Prudential,Green,0,9880,74.0,13.0,53.0,45.8
Longwood Medical Area,Brigham Circle,Green,0,10040,54.0,12.0,30.0,45.6
Prudential,Copley,Green,1,8513,67.0,17.0,75.0,45.5
South Station,Broadway,Red,0,14554,70.0,9.0,55.0,45.2
Summit Avenue,Brandon Hall,Green,0,8182,24.0,27.0,62.0,44.5
Saint Mary's Street,Kenmore,Green,1,8067,136.0,17.0,65.0,44.4
Andrew,Broadway,Red,1,11730,102.0,12.0,34.0,43.7
Savin Hill,Fields Corner,Red,0,7575,127.0,37.0,59.0,43.4
Boston College,South Street,Green,1,7369,92.0,17.0,41.0,42.4
Brandon Hall,Summit Avenue,Green,1,8058,26.0,21.0,65.0,42.3
Kenmore,Fenway,Green,0,8956,121.0,19.0,45.0,41.7
Brigham Circle,Longwood Medical Area,Green,1,9607,42.0,16.0,54.0,41.6
Dean Road,Cleveland Circle,Green,0,4326,97.0,34.0,89.0,41.2
Assembly,Wellington,Orange,1,16813,54.0,1.0,35.0,41.2
Charles/MGH,Park Street,Red,0,14563,58.0,3.0,49.0,40.4
Oak Grove,Malden Center,Orange,0,14718,60.0,4.0,30.0,40.0
Government Center,Bowdoin,Blue,0,14089,33.0,3.0,52.0,39.8
Ashmont,Cedar Grove,Mattapan,0,9925,58.0,20.0,37.0,39.6
Harvard,Porter,Red,1,11667,108.0,4.0,31.0,38.4
Saint Paul Street,Coolidge Corner,Green,0,8194,42.0,15.0,53.0,36.7
Woodland,Waban,Green,1,8471,85.0,7.0,31.0,35.3
Davis,Porter,Red,0,14564,79.0,5.0,35.0,35.2
Coolidge Corner,Summit Avenue,Green,0,8189,63.0,18.0,47.0,34.8
Reservoir,Beaconsfield,Green,1,9030,104.0,16.0,35.0,33.5
Boston University Central,Boston University East,Green,1,8416,22.0,13.0,56.0,33.3
Riverside,Woodland,Green,1,7617,56.0,10.0,22.0,33.0
Coolidge Corner,Saint Paul Street,Green,1,8120,56.0,14.0,41.0,33.0
Saint Mary's Street,Hawes Street,Green,0,8154,41.0,17.0,49.0,32.8
Science Park/West End,Lechmere,Green,1,18595,67.0,6.0,15.0,32.7
Chestnut Hill,Reservoir,Green,1,9041,112.0,11.0,30.0,32.6
Gilman Square,East Somerville,Green,0,9947,75.0,8.0,20.0,32.5
Beachmont,Revere Beach,Blue,1,11921,69.0,3.0,25.0,32.2
JFK/UMass,North Quincy,Red,0,7621,312.0,9.0,26.0,31.1
Warren Street,Washington Street,Green,0,8224,61.0,15.0,40.0,30.8
Blandford Street,Boston University East,Green,0,8235,57.0,11.0,40.0,30.4
Newton Centre,Chestnut Hill,Green,1,8996,142.0,9.0,30.0,29.6
Sutherland Road,Chiswick Road,Green,0,8223,35.0,17.0,42.0,29.5
Kenmore,Saint Mary's Street,Green,0,8139,107.0,15.0,35.0,29.2
Summit Avenue,Coolidge Corner,Green,1,8084,40.0,12.0,42.0,29.0
JFK/UMass,Andrew,Red,1,11729,92.0,7.0,18.0,29.0
Cedar Grove,Butler,Mattapan,0,9933,91.0,14.0,28.0,29.0
Harvard,Central,Red,0,14565,143.0,6.0,15.0,28.6
Brookline Village,Brookline Hills,Green,0,9033,70.0,15.0,28.0,28.3
Washington Street,Warren Street,Green,1,8293,67.0,13.0,37.0,28.1
Butler,Cedar Grove,Mattapan,1,9771,94.0,13.0,29.0,27.7
Orient Heights,Suffolk Downs,Blue,1,14316,50.0,7.0,16.0,27.5
Airport,Maverick,Blue,0,14138,90.0,7.0,21.0,27.3
Maverick,Airport,Blue,1,14681,73.0,7.0,18.0,27.0
Eliot,Newton Highlands,Green,1,8812,85.0,12.0,23.0,26.8
Suffolk Downs,Orient Heights,Blue,0,14039,52.0,8.0,15.0,26.7
Hawes Street,Saint Mary's Street,Green,1,8109,38.0,12.0,31.0,26.3
Back of the Hill,Riverway,Green,1,9605,35.0,6.0,36.0,26.1
Chestnut Hill,Newton Centre,Green,0,8947,141.0,8.0,33.0,25.7
Quincy Center,Wollaston,Red,1,6297,135.0,9.0,29.0,25.0
Fenway,Longwood,Green,0,8947,63.0,12.0,27.0,24.6
Magoun Square,Gilman Square,Green,0,9874,62.0,5.0,14.0,24.5
Reservoir,Chestnut Hill,Green,0,8882,110.0,9.0,29.0,24.2
Riverway,Back of the Hill,Green,0,9722,36.0,7.0,30.0,24.2
Ball Square,Magoun Square,Green,0,9793,46.0,5.0,15.0,24.2
Boston University East,Boston University Central,Green,0,8241,23.0,8.0,38.0,23.2
Longwood,Fenway,Green,1,9040,56.0,10.0,24.0,23.1
Milton,Butler,Mattapan,1,9830,41.0,11.0,26.0,23.0
Chinatown,Downtown Crossing,Orange,1,16838,27.0,1.0,18.0,22.7
Aquarium,Maverick,Blue,1,14696,104.0,5.0,14.0,21.9
Dean Road,Washington Square,Green,1,3485,96.0,33.0,58.0,21.9
Kendall/MIT,Charles/MGH,Red,0,14563,66.0,2.0,16.0,21.8
Prudential,Symphony,Green,0,6964,46.0,11.0,24.0,21.7
Orient Heights,Wood Island,Blue,0,14119,100.0,2.0,8.0,21.6
Maverick,Aquarium,Blue,0,14130,83.0,6.0,14.0,21.6
Cedar Grove,Ashmont,Mattapan,1,9908,39.0,3.0,11.0,21.5
Waban,Eliot,Green,1,8698,80.0,5.0,16.0,21.4
Beaconsfield,Brookline Hills,Green,1,9065,93.0,8.0,23.0,21.3
Brookline Hills,Beaconsfield,Green,0,9028,86.0,7.0,28.0,21.1
Boston University East,Blandford Street,Green,1,8414,57.0,8.0,39.0,21.1
Symphony,Northeastern University,Green,0,6963,46.0,11.0,22.0,20.9
Malden Center,Wellington,Orange,0,14755,126.0,1.0,8.6,20.9
Waban,Woodland,Green,0,8933,82.0,7.0,25.0,20.4
Braintree,Quincy Adams,Red,1,6726,181.0,10.0,26.0,20.1
Newton Highlands,Eliot,Green,0,8945,81.0,9.0,23.0,20.0
Tappan Street,Washington Square,Green,1,4486,44.0,18.0,48.0,20.0
Fields Corner,Savin Hill,Red,1,6186,135.0,8.0,26.0,19.8
Back of the Hill,Heath Street,Green,0,9699,31.0,4.0,13.0,19.8
Fenwood Road,Mission Park,Green,0,9720,35.0,5.0,24.0,19.1
Brookline Hills,Brookline Village,Green,1,9063,60.0,8.0,18.0,19.0
Quincy Center,Quincy Adams,Red,0,7659,103.0,3.0,20.0,18.4
Capen Street,Valley Road,Mattapan,1,9741,44.0,6.0,16.0,18.4
Brookline Village,Longwood,Green,1,9053,85.0,6.0,21.0,18.3
Wellington,Malden Center,Orange,1,16727,129.0,2.0,7.0,18.1
State,Haymarket,Orange,1,16848,22.0,1.0,28.0,17.8
Harvard Avenue,Packard's Corner,Green,1,8391,62.0,9.0,21.0,17.8
Newton Highlands,Newton Centre,Green,1,8907,78.0,5.0,18.0,17.8
Valley Road,Central Avenue,Mattapan,1,9765,62.0,8.0,17.0,17.7
Airport,Wood Island,Blue,1,14677,53.0,5.0,10.0,17.5
Chestnut Hill Avenue,Chiswick Road,Green,1,8153,23.0,6.0,26.0,16.9
Newton Centre,Newton Highlands,Green,0,8948,80.0,5.0,22.0,16.6
Englewood Avenue,Cleveland Circle,Green,0,3836,34.0,7.0,49.0,16.5
Brigham Circle,Fenwood Road,Green,0,9709,18.0,4.0,23.0,16.3
Valley Road,Capen Street,Mattapan,0,9998,49.0,7.0,18.0,16.0
Northeastern University,Prudential,Green,1,1944,90.0,20.0,149.0,15.8
Dean Road,Englewood Avenue,Green,0,3836,32.0,20.0,49.0,15.7
Symphony,Prudential,Green,1,6898,37.0,10.0,23.0,15.5
Heath Street,Back of the Hill,Green,1,9458,21.0,5.0,23.3,15.4
Longwood,Brookline Village,Green,0,9023,75.0,5.0,19.0,15.4
East Somerville,Gilman Square,Green,1,10930,73.0,5.0,16.0,15.3
Prudential,Northeastern University,Green,0,3078,109.0,23.0,51.0,15.3
Magoun Square,Ball Square,Green,1,10943,47.0,6.0,15.0,15.0
Kenmore,Blandford Street,Green,0,8223,33.0,7.0,15.0,14.7
Capen Street,Mattapan,Mattapan,0,9992,27.0,6.0,15.0,14.6
Broadway,South Station,Red,1,11711,90.0,2.0,11.0,14.5
Jackson Square,Roxbury Crossing,Orange,1,16845,49.0,2.0,6.0,14.5
Packard's Corner,Harvard Avenue,Green,0,8240,49.0,7.0,18.0,14.5
Back Bay,Massachusetts Avenue,Orange,0,14747,76.0,2.0,11.0,14.3
Washington Square,Dean Road,Green,0,4341,66.0,12.0,35.0,13.7
Eliot,Waban,Green,0,8944,77.0,4.0,15.0,13.6
Forest Hills,Green Street,Orange,1,16727,52.0,2.0,6.0,13.6
Wood Island,Airport,Blue,0,14149,52.0,4.0,10.0,13.5
Washington Street,Sutherland Road,Green,0,8220,57.0,7.0,18.0,13.4
Englewood Avenue,Dean Road,Green,1,7787,20.0,6.0,14.0,13.0
Gilman Square,Magoun Square,Green,1,10942,62.0,4.0,13.0,12.9
Mattapan,Capen Street,Mattapan,1,9529,21.0,6.0,10.0,12.8
State,Government Center,Blue,0,14106,31.0,3.0,8.0,12.8
Milton,Central Avenue,Mattapan,0,9972,50.0,6.0,13.0,12.6
Central Avenue,Valley Road,Mattapan,0,9988,53.0,5.0,11.0,12.5
Chestnut Hill Avenue,South Street,Green,0,8187,42.0,7.0,16.0,12.3
Blandford Street,Kenmore,Green,1,8247,53.0,5.0,12.0,12.0
Savin Hill,JFK/UMass,Red,1,6084,64.0,2.0,8.0,11.8
Community College,Sullivan Square,Orange,1,16835,72.0,2.0,4.0,11.7
Fenwood Road,Brigham Circle,Green,1,9610,24.0,5.0,10.0,11.2
Riverway,Mission Park,Green,1,9616,33.0,5.0,13.0,11.2
Quincy Adams,Quincy Center,Red,1,6803,98.0,3.0,12.0,11.2
Northeastern University,Symphony,Green,1,6891,35.0,7.0,16.0,11.2
Saint Paul Street,Kent Street,Green,1,8095,19.0,4.0,8.0,11.1
Suffolk Downs,Beachmont,Blue,1,14272,46.0,1.0,4.0,10.8
Griggs Street,Harvard Avenue,Green,1,8364,25.0,5.0,12.0,10.6
Stony Brook,Jackson Square,Orange,1,16824,22.0,1.0,5.0,10.6
State,Aquarium,Blue,1,14696,28.0,3.0,8.0,10.5
Central Avenue,Milton,Mattapan,1,9810,34.0,4.0,11.0,10.4
Harvard Avenue,Griggs Street,Green,0,8233,32.0,6.0,13.0,10.2
Wollaston,North Quincy,Red,1,6293,62.0,3.0,19.0,10.2
Fairbanks Street,Washington Square,Green,0,8178,30.0,4.0,11.0,9.9
Revere Beach,Beachmont,Blue,0,13673,68.0,1.0,4.0,9.9
Beachmont,Suffolk Downs,Blue,0,14042,45.0,1.0,5.0,9.9
Government Center,State,Blue,1,14699,31.0,3.0,7.0,9.6
JFK/UMass,Savin Hill,Red,0,7401,59.0,2.0,10.0,9.6
Roxbury Crossing,Jackson Square,Orange,0,14713,49.0,1.0,6.0,9.5
Chiswick Road,Chestnut Hill Avenue,Green,0,8224,23.0,4.0,10.0,9.4
Kent Street,Hawes Street,Green,1,8108,22.0,4.0,8.0,9.4
Central,Kendall/MIT,Red,0,14564,79.0,2.0,6.0,9.1
Chiswick Road,Sutherland Road,Green,1,8186,31.0,4.0,10.0,9.0
Kent Street,Saint Paul Street,Green,0,8156,20.0,3.0,10.0,8.9
Park Street,Charles/MGH,Red,1,11686,57.0,2.0,7.0,8.8
Kendall/MIT,Central,Red,1,11686,62.0,2.0,6.0,8.6
Wonderland,Revere Beach,Blue,0,13628,34.0,1.0,5.0,8.6
Butler,Milton,Mattapan,0,9960,34.0,3.0,8.0,8.5
Fields Corner,Shawmut,Red,0,7577,49.0,3.0,8.0,8.3
Washington Square,Fairbanks Street,Green,1,8038,22.0,4.0,9.0,8.2
Allston Street,Warren Street,Green,0,8228,19.0,2.0,8.0,8.2
Jackson Square,Stony Brook,Orange,0,14716,35.0,1.0,4.0,7.9
Dean Road,Tappan Street,Green,1,4453,29.0,5.0,17.0,7.6
South Station,Downtown Crossing,Red,1,11686,22.0,2.0,5.0,7.5
Haymarket,North Station,Orange,1,16843,28.0,2.0,3.0,7.4
Downtown Crossing,South Station,Red,0,14505,24.0,1.0,2.0,7.4
Roxbury Crossing,Ruggles,Orange,1,16848,44.0,1.0,3.0,7.1
Northeastern University,Copley,Green,1,1123,65.0,17.0,73.8,7.1
North Quincy,Wollaston,Red,0,7658,60.0,2.0,9.0,7.1
Cleveland Circle,Englewood Avenue,Green,1,3391,28.0,8.0,17.0,7.0
Sullivan Square,Assembly,Orange,1,16828,48.0,1.0,3.0,7.0
Green Street,Stony Brook,Orange,1,16819,45.0,1.0,2.0,7.0
Aquarium,State,Blue,0,14110,27.0,2.0,5.0,6.9
Stony Brook,Green Street,Orange,0,14689,44.0,1.0,3.0,6.9
Allston Street,Griggs Street,Green,1,8359,23.0,3.0,7.0,6.8
Fairbanks Street,Brandon Hall,Green,1,8038,16.0,3.0,7.0,6.6
Charles/MGH,Kendall/MIT,Red,1,11686,43.0,2.0,5.0,6.5
Massachusetts Avenue,Ruggles,Orange,0,14738,26.0,1.0,3.0,6.3
North Station,Community College,Orange,1,16838,84.0,1.0,2.0,6.2
Warren Street,Allston Street,Green,1,8340,18.0,3.0,6.0,6.1
Ruggles,Roxbury Crossing,Orange,0,14720,43.0,1.0,3.0,6.1
Community College,North Station,Orange,0,14757,84.0,1.0,2.0,5.9
Hawes Street,Kent Street,Green,0,8156,14.0,3.0,7.0,5.8
Griggs Street,Allston Street,Green,0,8227,18.0,3.0,6.0,5.8
Bowdoin,Government Center,Blue,1,14690,14.0,2.0,5.0,5.8
Downtown Crossing,State,Orange,1,16835,21.0,1.0,3.0,5.5
Massachusetts Avenue,Back Bay,Orange,1,16849,74.0,1.0,3.0,5.4
Ruggles,Massachusetts Avenue,Orange,1,16843,25.0,1.0,2.0,5.3
Haymarket,State,Orange,0,14755,42.0,1.0,2.0,5.2
Downtown Crossing,Park Street,Red,1,11651,15.0,1.0,3.0,5.1
Wellington,Assembly,Orange,0,14742,50.0,1.0,3.0,4.9
Brandon Hall,Fairbanks Street,Green,0,8171,13.0,3.0,6.0,4.8
Tufts Medical Center,Back Bay,Orange,0,14746,68.0,1.0,2.0,4.6
Back Bay,Tufts Medical Center,Orange,1,16847,61.0,1.0,3.0,4.4
Tappan Street,Dean Road,Green,0,3838,20.0,3.0,16.0,4.2
Tufts Medical Center,Chinatown,Orange,1,16833,26.0,1.0,1.0,4.1
Washington Square,Tappan Street,Green,0,3839,30.0,4.0,11.0,3.9
Sullivan Square,Community College,Orange,0,14767,76.0,1.0,3.0,3.8
Shawmut,Fields Corner,Red,1,6205,44.0,2.0,5.0,3.5
State,Downtown Crossing,Orange,0,14746,12.0,1.0,2.0,3.4
Assembly,Sullivan Square,Orange,0,14768,47.0,1.0,2.0,2.8
Chinatown,Tufts Medical Center,Orange,0,14737,24.0,1.0,1.0,2.6
Haymarket,Park Street,Green,0,555,91.0,11.0,38.0,2.2
Downtown Crossing,Chinatown,Orange,0,14753,27.0,0.0,1.0,1.2
